Date,settings 1
2017-01-01,1.1856534
2017-01-02,1.1993142
2017-01-03,1.2157844
2017-01-04,1.2350072
2017-01-05,1.2569256
2017-01-06,1.2814826
2017-01-07,1.3086214
2017-01-08,1.338285
2017-01-09,1.3704165
2017-01-10,1.4049591
2017-01-11,1.4418558
2017-01-12,1.4810495
2017-01-13,1.5224836
2017-01-14,1.5661005
2017-01-15,1.611841
2017-01-16,1.6596422
2017-01-17,1.7094293
2017-01-18,1.7611245
2017-01-19,1.8146492
2017-01-20,1.8699232
2017-01-21,1.9268633
2017-01-22,1.9853834
2017-01-23,2.0453956
2017-01-24,2.1068058
2017-01-25,2.1695006
2017-01-26,2.233349
2017-01-27,2.2982159
2017-01-28,2.363966
2017-01-29,2.4304643
2017-01-30,2.497576
2017-01-31,2.565166
2017-02-01,2.6330988
2017-02-02,2.701239
2017-02-03,2.7694468
2017-02-04,2.837578
2017-02-05,2.905488
2017-02-06,2.9730318
2017-02-07,3.0400648
2017-02-08,3.1064425
2017-02-09,3.17202
2017-02-10,3.2366524
2017-02-11,3.300195
2017-02-12,3.3625033
2017-02-13,3.4234324
2017-02-14,3.482848
2017-02-15,3.5406785
2017-02-16,3.596987
2017-02-17,3.651995
2017-02-18,3.705959
2017-02-19,3.7591283
2017-02-20,3.8117225
2017-02-21,3.86395
2017-02-22,3.9160142
2017-02-23,3.968112
2017-02-24,4.0204344
2017-02-25,4.0731654
2017-02-26,4.126483
2017-02-27,4.1805577
2017-02-28,4.235546
2017-03-01,4.291565
2017-03-02,4.3487062
2017-03-03,4.4070187
2017-03-04,4.466504
2017-03-05,4.527149
2017-03-06,4.588933
2017-03-07,4.651827
2017-03-08,4.7157955
2017-03-09,4.7808013
2017-03-10,4.846799
2017-03-11,4.9137344
2017-03-12,4.981547
2017-03-13,5.0501657
2017-03-14,5.119513
2017-03-15,5.1895037
2017-03-16,5.2600455
2017-03-17,5.3310385
2017-03-18,5.4023733
2017-03-19,5.4739075
2017-03-20,5.545443
2017-03-21,5.6166797
2017-03-22,5.687345
2017-03-23,5.7571754
2017-03-24,5.8259015
2017-03-25,5.893273
2017-03-26,5.9591928
2017-03-27,6.0236926
2017-03-28,6.086825
2017-03-29,6.1486206
2017-03-30,6.2090287
2017-03-31,6.2679663
2017-04-01,6.325322
2017-04-02,6.3810596
2017-04-03,6.4352183
2017-04-04,6.487902
2017-04-05,6.539221
2017-04-06,6.5892744
2017-04-07,6.6381593
2017-04-08,6.685967
2017-04-09,6.7327833
2017-04-10,6.7786674
2017-04-11,6.8236003
2017-04-12,6.867468
2017-04-13,6.9101367
2017-04-14,6.9515557
2017-04-15,6.9918184
2017-04-16,7.031257
2017-04-17,7.0702324
2017-04-18,7.1090693
2017-04-19,7.14805
2017-04-20,7.187415
2017-04-21,7.227355
2017-04-22,7.268017
2017-04-23,7.3095355
2017-04-24,7.3520355
2017-04-25,7.395632
2017-04-26,7.440426
2017-04-27,7.4865065
2017-04-28,7.53396
2017-04-29,7.582874
2017-04-30,7.633334
2017-05-01,7.685426
2017-05-02,7.739222
2017-05-03,7.7947817
2017-05-04,7.8521485
2017-05-05,7.9113526
2017-05-06,7.9724083
2017-05-07,8.035317
2017-05-08,8.100062
2017-05-09,8.16657
2017-05-10,8.234705
2017-05-11,8.304266
2017-05-12,8.375011
2017-05-13,8.446686
2017-05-14,8.51897
2017-05-15,8.591436
2017-05-16,8.663603
2017-05-17,8.734975
2017-05-18,8.805135
2017-05-19,8.873741
2017-05-20,8.940371
2017-05-21,9.0046215
2017-05-22,9.066358
2017-05-23,9.125759
2017-05-24,9.18308
2017-05-25,9.238599
2017-05-26,9.292575
2017-05-27,9.345274
2017-05-28,9.396941
2017-05-29,9.447813
2017-05-30,9.498119
2017-05-31,9.548084
2017-06-01,9.597922
2017-06-02,9.647841
2017-06-03,9.698046
2017-06-04,9.74871
2017-06-05,9.799882
2017-06-06,9.851572
2017-06-07,9.903781
2017-06-08,9.956496
2017-06-09,10.009704
2017-06-10,10.063388
2017-06-11,10.117534
2017-06-12,10.172115
2017-06-13,10.227099
2017-06-14,10.28244
2017-06-15,10.338058
2017-06-16,10.393859
2017-06-17,10.449709
2017-06-18,10.505432
2017-06-19,10.560819
2017-06-20,10.615624
2017-06-21,10.669595
2017-06-22,10.722465
2017-06-23,10.773964
2017-06-24,10.823816
2017-06-25,10.871747
2017-06-26,10.917479
2017-06-27,10.960734
2017-06-28,11.001238
2017-06-29,11.038713
2017-06-30,11.072883
2017-07-01,11.103477
2017-07-02,11.130325
2017-07-03,11.153523
2017-07-04,11.173223
2017-07-05,11.189567
2017-07-06,11.202699
2017-07-07,11.212754
2017-07-08,11.219867
2017-07-09,11.224166
2017-07-10,11.225774
2017-07-11,11.224809
2017-07-12,11.221388
2017-07-13,11.21563
2017-07-14,11.207645
2017-07-15,11.197539
2017-07-16,11.18541
2017-07-17,11.171347
2017-07-18,11.155429
2017-07-19,11.137708
2017-07-20,11.118194
2017-07-21,11.096786
2017-07-22,11.073296
2017-07-23,11.04751
2017-07-24,11.019211
2017-07-25,10.988226
2017-07-26,10.954444
2017-07-27,10.9179735
2017-07-28,10.878973
2017-07-29,10.837712
2017-07-30,10.794648
2017-07-31,10.7502775
2017-08-01,10.705088
2017-08-02,10.659557
2017-08-03,10.614152
2017-08-04,10.569324
2017-08-05,10.5255165
2017-08-06,10.483135
2017-08-07,10.442544
2017-08-08,10.404081
2017-08-09,10.368066
2017-08-10,10.334764
2017-08-11,10.304394
2017-08-12,10.27716
2017-08-13,10.253242
2017-08-14,10.232766
2017-08-15,10.215761
2017-08-16,10.20202
2017-08-17,10.1912775
2017-08-18,10.1832695
2017-08-19,10.1777315
2017-08-20,10.174399
2017-08-21,10.173009
2017-08-22,10.173296
2017-08-23,10.174996
2017-08-24,10.177845
2017-08-25,10.181578
2017-08-26,10.18593
2017-08-27,10.190627
2017-08-28,10.195381
2017-08-29,10.199892
2017-08-30,10.203837
2017-08-31,10.206845
2017-09-01,10.208503
2017-09-02,10.208347
2017-09-03,10.205892
2017-09-04,10.200617
2017-09-05,10.191921
2017-09-06,10.179259
2017-09-07,10.162326
2017-09-08,10.140957
2017-09-09,10.115252
2017-09-10,10.085478
2017-09-11,10.0519285
2017-09-12,10.014881
2017-09-13,9.974605
2017-09-14,9.931342
2017-09-15,9.885279
2017-09-16,9.83657
2017-09-17,9.785343
2017-09-18,9.731692
2017-09-19,9.675683
2017-09-20,9.617296
2017-09-21,9.556485
2017-09-22,9.493184
2017-09-23,9.427299
2017-09-24,9.358683
2017-09-25,9.287243
2017-09-26,9.212883
2017-09-27,9.135597
2017-09-28,9.055568
2017-09-29,8.973023
2017-09-30,8.888188
2017-10-01,8.801276
2017-10-02,8.712489
2017-10-03,8.622027
2017-10-04,8.530098
2017-10-05,8.436893
2017-10-06,8.342559
2017-10-07,8.247202
2017-10-08,8.150915
2017-10-09,8.053787
2017-10-10,7.9558926
2017-10-11,7.8572764
2017-10-12,7.757973
2017-10-13,7.658011
2017-10-14,7.557415
2017-10-15,7.4562035
2017-10-16,7.3543963
2017-10-17,7.2520113
2017-10-18,7.149067
2017-10-19,7.045583
2017-10-20,6.941577
2017-10-21,6.8370676
2017-10-22,6.7320733
2017-10-23,6.626605
2017-10-24,6.5206637
2017-10-25,6.4142447
2017-10-26,6.307338
2017-10-27,6.1999273
2017-10-28,6.0919776
2017-10-29,5.9834466
2017-10-30,5.8742995
2017-10-31,5.764441
2017-11-01,5.6538463
2017-11-02,5.5425887
2017-11-03,5.4307837
2017-11-04,5.3185024
2017-11-05,5.205863
2017-11-06,5.0929894
2017-11-07,4.9799953
2017-11-08,4.866989
2017-11-09,4.754075
2017-11-10,4.6413517
2017-11-11,4.5289135
2017-11-12,4.41685
2017-11-13,4.3052473
2017-11-14,4.194185
2017-11-15,4.083743
2017-11-16,3.9740002
2017-11-17,3.8650324
2017-11-18,3.7569106
2017-11-19,3.6497018
2017-11-20,3.543469
2017-11-21,3.4382703
2017-11-22,3.3341594
2017-11-23,3.2311854
2017-11-24,3.1293938
2017-11-25,3.0288286
2017-11-26,2.9295344
2017-11-27,2.8315556
2017-11-28,2.7349367
2017-11-29,2.6397219
2017-11-30,2.5459557
2017-12-01,2.4536824
2017-12-02,2.3629465
2017-12-03,2.2737918
2017-12-04,2.1862588
2017-12-05,2.1003866
2017-12-06,2.0162117
2017-12-07,1.9337667
2017-12-08,1.8530807
2017-12-09,1.7741812
2017-12-10,1.6970946
2017-12-11,1.6218474
2017-12-12,1.5484662
2017-12-13,1.4769776
2017-12-14,1.4074081
2017-12-15,1.3397844
2017-12-16,1.2741328
2017-12-17,1.2104799
2017-12-18,1.148848
2017-12-19,1.0892442
2017-12-20,1.0316464
2017-12-21,0.9760349
2017-12-22,0.92239213
2017-12-23,0.8707007
2017-12-24,0.8209429
2017-12-25,0.7731
2017-12-26,0.7271534
2017-12-27,0.68308413
2017-12-28,0.64087343
2017-12-29,0.6005025
2017-12-30,0.5619525
2017-12-31,0.5252046
2018-01-01,0.49024007
2018-01-02,0.45704007
2018-01-03,0.42558575
2018-01-04,0.39585835
2018-01-05,0.367839
2018-01-06,0.34150895
2018-01-07,0.31684935
2018-01-08,0.29384136
2018-01-09,0.27246538
2018-01-10,0.25270024
2018-01-11,0.23452437
2018-01-12,0.21791619
2018-01-13,0.20285407
2018-01-14,0.18931618
2018-01-15,0.17728059
2018-01-16,0.16672526
2018-01-17,0.15762824
2018-01-18,0.1499675
2018-01-19,0.14372107
2018-01-20,0.13886695
2018-01-21,0.13538313
2018-01-22,0.13324763
2018-01-23,0.1324401
2018-01-24,0.13294944
2018-01-25,0.13477737
2018-01-26,0.13793102
2018-01-27,0.1424182
2018-01-28,0.14824612
2018-01-29,0.1554209
2018-01-30,0.1639555
2018-01-31,0.17387551
2018-02-01,0.18520851
2018-02-02,0.19797818
2018-02-03,0.21220726
2018-02-04,0.22791843
2018-02-05,0.24513443
2018-02-06,0.263878
2018-02-07,0.2841718
2018-02-08,0.3060386
2018-02-09,0.3295011
2018-02-10,0.354582
2018-02-11,0.38130406
2018-02-12,0.40969
2018-02-13,0.43976247
2018-02-14,0.47154424
2018-02-15,0.50505805
2018-02-16,0.5403266
2018-02-17,0.57737255
2018-02-18,0.6162185
2018-02-19,0.65688616
2018-02-20,0.69939613
2018-02-21,0.74376786
2018-02-22,0.79002
2018-02-23,0.8381698
2018-02-24,0.8882255
2018-02-25,0.94017047
2018-02-26,0.99397784
2018-02-27,1.0496185
2018-02-28,1.107063
2018-03-01,1.1662823
2018-03-02,1.2272464
2018-03-03,1.2899241
2018-03-04,1.354282
2018-03-05,1.420283
2018-03-06,1.4878806
2018-03-07,1.5570246
2018-03-08,1.6276644
2018-03-09,1.6997494
2018-03-10,1.7732288
2018-03-11,1.848052
2018-03-12,1.9241685
2018-03-13,2.0015273
2018-03-14,2.0800781
2018-03-15,2.1597703
2018-03-16,2.240553
2018-03-17,2.3223753
2018-03-18,2.4051871
2018-03-19,2.4889374
2018-03-20,2.5735757
2018-03-21,2.6590512
2018-03-22,2.7453134
2018-03-23,2.8323116
2018-03-24,2.919995
2018-03-25,3.0083134
2018-03-26,3.0972157
2018-03-27,3.1866512
2018-03-28,3.2765694
2018-03-29,3.3669198
2018-03-30,3.4576516
2018-03-31,3.5487142
2018-04-01,3.6400568
2018-04-02,3.731629
2018-04-03,3.8233798
2018-04-04,3.9152586
2018-04-05,4.007215
2018-04-06,4.0991983
2018-04-07,4.191158
2018-04-08,4.283043
2018-04-09,4.374803
2018-04-10,4.466386
2018-04-11,4.5577345
2018-04-12,4.6487913
2018-04-13,4.739497
2018-04-14,4.829794
2018-04-15,4.919624
2018-04-16,5.0089283
2018-04-17,5.097649
2018-04-18,5.185728
2018-04-19,5.273107
2018-04-20,5.3597274
2018-04-21,5.4455304
2018-04-22,5.530459
2018-04-23,5.6144543
2018-04-24,5.697458
2018-04-25,5.779412
2018-04-26,5.8602576
2018-04-27,5.9399366
2018-04-28,6.0183916
2018-04-29,6.0955634
2018-04-30,6.171394
2018-05-01,6.2458253
2018-05-02,6.3187985
2018-05-03,6.390256
2018-05-04,6.4601393
2018-05-05,6.5283895
2018-05-06,6.59494
2018-05-07,6.6597085
2018-05-08,6.722611
2018-05-09,6.7835503
2018-05-10,6.8424263
2018-05-11,6.8991404
2018-05-12,6.9537
2018-05-13,7.0062957
2018-05-14,7.057242
2018-05-15,7.1068707
2018-05-16,7.155505
2018-05-17,7.2034554
2018-05-18,7.250996
2018-05-19,7.298389
2018-05-20,7.3458905
2018-05-21,7.393748
2018-05-22,7.4421926
2018-05-23,7.491415
2018-05-24,7.541594
2018-05-25,7.5929093
2018-05-26,7.6455407
2018-05-27,7.6996655
2018-05-28,7.7554536
2018-05-29,7.8130655
2018-05-30,7.8726525
2018-05-31,7.9343557
2018-06-01,7.9983063
2018-06-02,8.064627
2018-06-03,8.1334305
2018-06-04,8.204809
2018-06-05,8.278806
2018-06-06,8.355443
2018-06-07,8.434735
2018-06-08,8.5166855
2018-06-09,8.601287
2018-06-10,8.688519
2018-06-11,8.77835
2018-06-12,8.870724
2018-06-13,8.965501
2018-06-14,9.062507
2018-06-15,9.161544
2018-06-16,9.262357
2018-06-17,9.364594
2018-06-18,9.467814
2018-06-19,9.571529
2018-06-20,9.675204
2018-06-21,9.778216
2018-06-22,9.879918
2018-06-23,9.979659
2018-06-24,10.076792
2018-06-25,10.170668
2018-06-26,10.260621
2018-06-27,10.345975
2018-06-28,10.426275
2018-06-29,10.501255
2018-06-30,10.570693
2018-07-01,10.634405
2018-07-02,10.692213
2018-07-03,10.743927
2018-07-04,10.7893505
2018-07-05,10.82828
2018-07-06,10.860599
2018-07-07,10.8863535
2018-07-08,10.9056635
2018-07-09,10.918787
2018-07-10,10.925983
2018-07-11,10.927439
2018-07-12,10.923312
2018-07-13,10.913753
2018-07-14,10.898892
2018-07-15,10.878905
2018-07-16,10.854123
2018-07-17,10.824913
2018-07-18,10.791627
2018-07-19,10.754598
2018-07-20,10.714149
2018-07-21,10.6706
2018-07-22,10.624264
2018-07-23,10.575442
2018-07-24,10.5244255
2018-07-25,10.471489
2018-07-26,10.416889
2018-07-27,10.360871
2018-07-28,10.303675
2018-07-29,10.24552
2018-07-30,10.186636
2018-07-31,10.127344
2018-08-01,10.067903
2018-08-02,10.008478
2018-08-03,9.949215
2018-08-04,9.890246
2018-08-05,9.831678
2018-08-06,9.773588
2018-08-07,9.716045
2018-08-08,9.659117
2018-08-09,9.602871
2018-08-10,9.547376
2018-08-11,9.492698
2018-08-12,9.438905
2018-08-13,9.3860655
2018-08-14,9.334248
2018-08-15,9.283518
2018-08-16,9.233945
2018-08-17,9.185596
2018-08-18,9.138539
2018-08-19,9.092842
2018-08-20,9.048572
2018-08-21,9.005796
2018-08-22,8.964584
2018-08-23,8.925002
2018-08-24,8.887117
2018-08-25,8.850994
2018-08-26,8.816671
2018-08-27,8.784178
2018-08-28,8.753542
2018-08-29,8.72476
2018-08-30,8.697718
2018-08-31,8.672318
2018-09-01,8.648473
2018-09-02,8.62608
2018-09-03,8.60503
2018-09-04,8.585206
2018-09-05,8.56649
2018-09-06,8.548759
2018-09-07,8.531882
2018-09-08,8.515713
2018-09-09,8.500095
2018-09-10,8.484831
2018-09-11,8.469681
2018-09-12,8.4543915
2018-09-13,8.4387045
2018-09-14,8.422349
2018-09-15,8.405047
2018-09-16,8.3865185
2018-09-17,8.366481
2018-09-18,8.344642
2018-09-19,8.3207
2018-09-20,8.294343
2018-09-21,8.265257
2018-09-22,8.233196
2018-09-23,8.198205
2018-09-24,8.16035
2018-09-25,8.119656
2018-09-26,8.076135
2018-09-27,8.029798
2018-09-28,7.9806557
2018-09-29,7.9287195
2018-09-30,7.8739953
2018-10-01,7.8164697
2018-10-02,7.756119
2018-10-03,7.6929193
2018-10-04,7.626879
2018-10-05,7.5579824
2018-10-06,7.486199
2018-10-07,7.4114814
2018-10-08,7.333769
2018-10-09,7.253022
2018-10-10,7.169357
2018-10-11,7.082953
2018-10-12,6.9940543
2018-10-13,6.90292
2018-10-14,6.8098087
2018-10-15,6.714977
2018-10-16,6.618666
2018-10-17,6.5210814
2018-10-18,6.422358
2018-10-19,6.322568
2018-10-20,6.2217507
2018-10-21,6.1199336
2018-10-22,6.017135
2018-10-23,5.913364
2018-10-24,5.8086214
2018-10-25,5.7029023
2018-10-26,5.5962186
2018-10-27,5.488679
2018-10-28,5.3804154
2018-10-29,5.271559
2018-10-30,5.162241
2018-10-31,5.052593
2018-11-01,4.9427357
2018-11-02,4.832748
2018-11-03,4.722696
2018-11-04,4.6126437
2018-11-05,4.5026565
2018-11-06,4.3928
2018-11-07,4.2831383
2018-11-08,4.1737366
2018-11-09,4.06466
2018-11-10,3.9559731
2018-11-11,3.8477411
2018-11-12,3.740029
2018-11-13,3.632902
2018-11-14,3.5264242
2018-11-15,3.4206612
2018-11-16,3.315678
2018-11-17,3.211539
2018-11-18,3.1083097
2018-11-19,3.0060549
2018-11-20,2.9048393
2018-11-21,2.804728
2018-11-22,2.7057862
2018-11-23,2.6080785
2018-11-24,2.5116699
2018-11-25,2.4166255
2018-11-26,2.3230102
2018-11-27,2.2308888
2018-11-28,2.1403265
2018-11-29,2.051388
2018-11-30,1.9641383
2018-12-01,1.8786424
2018-12-02,1.7949653
2018-12-03,1.7131718
2018-12-04,1.6333266
2018-12-05,1.5554919
2018-12-06,1.4797275
2018-12-07,1.406091
2018-12-08,1.3346391
2018-12-09,1.265429
2018-12-10,1.1985173
2018-12-11,1.133959
2018-12-12,1.0718088
2018-12-13,1.0121212
2018-12-14,0.95495075
2018-12-15,0.9003522
2018-12-16,0.84838
2018-12-17,0.7990889
2018-12-18,0.7525335
2018-12-19,0.7087683
2018-12-20,0.667848
2018-12-21,0.6298272
2018-12-22,0.59476054
2018-12-23,0.56270236
2018-12-24,0.5337049
2018-12-25,0.50781214
2018-12-26,0.48505935
2018-12-27,0.46547377
2018-12-28,0.44907507
2018-12-29,0.43587592
2018-12-30,0.42587554
2018-12-31,0.4190408
2019-01-01,0.41533017
2019-01-02,0.41469908
2019-01-03,0.4171024
2019-01-04,0.42249474
2019-01-05,0.43082672
2019-01-06,0.44203162
2019-01-07,0.45602763
2019-01-08,0.4727274
2019-01-09,0.4920424
2019-01-10,0.51388395
2019-01-11,0.53816277
2019-01-12,0.56478935
2019-01-13,0.5936743
2019-01-14,0.62472814
2019-01-15,0.65786153
2019-01-16,0.6929849
2019-01-17,0.73000884
2019-01-18,0.76884395
2019-01-19,0.8094008
2019-01-20,0.85158986
2019-01-21,0.8953218
2019-01-22,0.9405071
2019-01-23,0.9870564
2019-01-24,1.0348802
2019-01-25,1.083889
2019-01-26,1.1339934
2019-01-27,1.1851037
2019-01-28,1.2371286
2019-01-29,1.2899765
2019-01-30,1.3435553
2019-01-31,1.3977716
2019-02-01,1.4525311
2019-02-02,1.50774
2019-02-03,1.5633042
2019-02-04,1.6191295
2019-02-05,1.675122
2019-02-06,1.7311873
2019-02-07,1.7872292
2019-02-08,1.8431512
2019-02-09,1.8988569
2019-02-10,1.9542496
2019-02-11,2.009233
2019-02-12,2.0637105
2019-02-13,2.1175857
2019-02-14,2.1707618
2019-02-15,2.2231426
2019-02-16,2.2746315
2019-02-17,2.325132
2019-02-18,2.374547
2019-02-19,2.4227717
2019-02-20,2.4696927
2019-02-21,2.5152934
2019-02-22,2.5596662
2019-02-23,2.6029205
2019-02-24,2.645155
2019-02-25,2.6864634
2019-02-26,2.7269363
2019-02-27,2.7666607
2019-02-28,2.8057208
2019-03-01,2.8441973
2019-03-02,2.8821683
2019-03-03,2.9197047
2019-03-04,2.9568765
2019-03-05,2.9937944
2019-03-06,3.0305994
2019-03-07,3.0674822
2019-03-08,3.1046212
2019-03-09,3.1421783
2019-03-10,3.1802905
2019-03-11,3.2190661
2019-03-12,3.258587
2019-03-13,3.2989242
2019-03-14,3.340145
2019-03-15,3.3823104
2019-03-16,3.4254742
2019-03-17,3.469686
2019-03-18,3.5149894
2019-03-19,3.561423
2019-03-20,3.6090252
2019-03-21,3.6578324
2019-03-22,3.7078757
2019-03-23,3.7591805
2019-03-24,3.811765
2019-03-25,3.8656409
2019-03-26,3.9208152
2019-03-27,3.9772935
2019-03-28,4.035081
2019-03-29,4.094184
2019-03-30,4.154607
2019-03-31,4.2163563
2019-04-01,4.2794375
2019-04-02,4.343856
2019-04-03,4.409617
2019-04-04,4.4767265
2019-04-05,4.5451903
2019-04-06,4.615013
2019-04-07,4.6862016
2019-04-08,4.7587605
2019-04-09,4.832696
2019-04-10,4.908013
2019-04-11,4.9847174
2019-04-12,5.062815
2019-04-13,5.142311
2019-04-14,5.2232113
2019-04-15,5.305521
2019-04-16,5.3892465
2019-04-17,5.4743924
2019-04-18,5.5609646
2019-04-19,5.6489687
2019-04-20,5.7384095
2019-04-21,5.829287
2019-04-22,5.9216003
2019-04-23,6.0153475
2019-04-24,6.1105204
2019-04-25,6.207096
2019-04-26,6.304992
2019-04-27,6.404011
2019-04-28,6.5038967
2019-04-29,6.6043873
2019-04-30,6.7052183
2019-05-01,6.8061275
2019-05-02,6.9069037
2019-05-03,7.0075517
2019-05-04,7.108144
2019-05-05,7.208758
2019-05-06,7.3094687
2019-05-07,7.410343
2019-05-08,7.511436
2019-05-09,7.6127925
2019-05-10,7.714448
2019-05-11,7.816422
2019-05-12,7.9186974
2019-05-13,8.021238
2019-05-14,8.124
2019-05-15,8.226926
2019-05-16,8.329938
2019-05-17,8.432932
2019-05-18,8.535788
2019-05-19,8.638355
2019-05-20,8.740431
2019-05-21,8.841704
2019-05-22,8.941825
2019-05-23,9.040438
2019-05-24,9.137258
2019-05-25,9.23204
2019-05-26,9.324579
2019-05-27,9.414668
2019-05-28,9.502094
2019-05-29,9.5866375
2019-05-30,9.668075
2019-05-31,9.746228
2019-06-01,9.821127
2019-06-02,9.89281
2019-06-03,9.961233
2019-06-04,10.026328
2019-06-05,10.088019
2019-06-06,10.146249
2019-06-07,10.201058
2019-06-08,10.252523
2019-06-09,10.300795
2019-06-10,10.34605
2019-06-11,10.388459
2019-06-12,10.428169
2019-06-13,10.465323
2019-06-14,10.500059
2019-06-15,10.532513
2019-06-16,10.562821
2019-06-17,10.591123
2019-06-18,10.617553
2019-06-19,10.642249
2019-06-20,10.665347
2019-06-21,10.686985
2019-06-22,10.707299
2019-06-23,10.726427
2019-06-24,10.744505
2019-06-25,10.76167
2019-06-26,10.778057
2019-06-27,10.793791
2019-06-28,10.808986
2019-06-29,10.823741
2019-06-30,10.838147
2019-07-01,10.852283
2019-07-02,10.866199
2019-07-03,10.879933
2019-07-04,10.893502
2019-07-05,10.906879
2019-07-06,10.919994
2019-07-07,10.932765
2019-07-08,10.945101
2019-07-09,10.956891
2019-07-10,10.967984
2019-07-11,10.978203
2019-07-12,10.9874525
2019-07-13,10.99561
2019-07-14,11.002537
2019-07-15,11.008422
2019-07-16,11.013541
2019-07-17,11.018158
2019-07-18,11.022531
2019-07-19,11.026902
2019-07-20,11.031514
2019-07-21,11.036582
2019-07-22,11.042293
2019-07-23,11.04878
2019-07-24,11.056123
2019-07-25,11.064354
2019-07-26,11.07347
2019-07-27,11.083459
2019-07-28,11.094302
2019-07-29,11.105975
2019-07-30,11.118443
2019-07-31,11.13169
2019-08-01,11.145825
2019-08-02,11.1609745
2019-08-03,11.17725
2019-08-04,11.19475
2019-08-05,11.2135515
2019-08-06,11.233652
2019-08-07,11.255004
2019-08-08,11.277543
2019-08-09,11.301184
2019-08-10,11.325778
2019-08-11,11.351148
2019-08-12,11.377108
2019-08-13,11.403468
2019-08-14,11.430025
2019-08-15,11.456536
2019-08-16,11.482687
2019-08-17,11.508121
2019-08-18,11.532454
2019-08-19,11.555371
2019-08-20,11.576852
2019-08-21,11.596914
2019-08-22,11.615497
2019-08-23,11.632498
2019-08-24,11.647815
2019-08-25,11.661345
2019-08-26,11.672983
2019-08-27,11.682627
2019-08-28,11.690171
2019-08-29,11.695513
2019-08-30,11.698548
2019-08-31,11.699173
2019-09-01,11.697285
2019-09-02,11.69278
2019-09-03,11.68555
2019-09-04,11.675475
2019-09-05,11.662424
2019-09-06,11.646262
2019-09-07,11.626846
2019-09-08,11.604019
2019-09-09,11.577609
2019-09-10,11.547427
2019-09-11,11.513274
2019-09-12,11.474914
2019-09-13,11.43206
2019-09-14,11.384391
2019-09-15,11.331559
2019-09-16,11.2732115
2019-09-17,11.209058
2019-09-18,11.139091
2019-09-19,11.063511
2019-09-20,10.982625
2019-09-21,10.896737
2019-09-22,10.806095
2019-09-23,10.710862
2019-09-24,10.611167
2019-09-25,10.507122
2019-09-26,10.398803
2019-09-27,10.286263
2019-09-28,10.169545
2019-09-29,10.048675
2019-09-30,9.923687
2019-10-01,9.794772
2019-10-02,9.662353
2019-10-03,9.52689
2019-10-04,9.388839
2019-10-05,9.248628
2019-10-06,9.106673
2019-10-07,8.963367
2019-10-08,8.819088
2019-10-09,8.674188
2019-10-10,8.529
2019-10-11,8.383843
2019-10-12,8.239022
2019-10-13,8.094805
2019-10-14,7.951419
2019-10-15,7.8090386
2019-10-16,7.6677127
2019-10-17,7.5274553
2019-10-18,7.3882737
2019-10-19,7.250152
2019-10-20,7.113062
2019-10-21,6.976946
2019-10-22,6.8416576
2019-10-23,6.707056
2019-10-24,6.573123
2019-10-25,6.439936
2019-10-26,6.3075604
2019-10-27,6.1760545
2019-10-28,6.0454855
2019-10-29,5.91593
2019-10-30,5.787462
2019-10-31,5.6601524
2019-11-01,5.5340633
2019-11-02,5.409251
2019-11-03,5.285766
2019-11-04,5.1636505
2019-11-05,5.0429397
2019-11-06,4.9236665
2019-11-07,4.805856
2019-11-08,4.6895294
2019-11-09,4.5747056
2019-11-10,4.4614024
2019-11-11,4.3496337
2019-11-12,4.239411
2019-11-13,4.1307416
2019-11-14,4.0236316
2019-11-15,3.9180882
2019-11-16,3.814117
2019-11-17,3.7117233
2019-11-18,3.6109083
2019-11-19,3.5116715
2019-11-20,3.414013
2019-11-21,3.3179324
2019-11-22,3.2234294
2019-11-23,3.1305044
2019-11-24,3.0391564
2019-11-25,2.949386
2019-11-26,2.8611925
2019-11-27,2.7745757
2019-11-28,2.6895356
2019-11-29,2.6060722
2019-11-30,2.5241852
2019-12-01,2.4438741
2019-12-02,2.365139
2019-12-03,2.2879798
2019-12-04,2.2123961
2019-12-05,2.138388
2019-12-06,2.065955
2019-12-07,1.9950968
2019-12-08,1.9258137
2019-12-09,1.8581052
2019-12-10,1.7919712
2019-12-11,1.7274116
2019-12-12,1.6644261
2019-12-13,1.6030145
2019-12-14,1.5431767
2019-12-15,1.4849124
2019-12-16,1.4282216
2019-12-17,1.373104
2019-12-18,1.3195593
2019-12-19,1.2675875
2019-12-20,1.2171885
2019-12-21,1.1683619
2019-12-22,1.1211076
2019-12-23,1.0754255
2019-12-24,1.0313152
2019-12-25,0.98877674
2019-12-26,0.9478098
2019-12-27,0.9084143
2019-12-28,0.87059
2019-12-29,0.8343367
2019-12-30,0.79965425
2019-12-31,0.7665449
2020-01-01,0.73502487
2020-01-02,0.70512843
2020-01-03,0.67688704
2020-01-04,0.65032965
2020-01-05,0.62548417
2020-01-06,0.6023776
2020-01-07,0.58103603
2020-01-08,0.5614846
2020-01-09,0.5437475
2020-01-10,0.52784824
2020-01-11,0.5138098
2020-01-12,0.50165254
2020-01-13,0.4913872
2020-01-14,0.48301962
2020-01-15,0.47655344
2020-01-16,0.47199172
2020-01-17,0.469337
2020-01-18,0.46859124
2020-01-19,0.4697558
2020-01-20,0.47283185
2020-01-21,0.4778206
2020-01-22,0.48472327
2020-01-23,0.493541
2020-01-24,0.5042751
2020-01-25,0.5169265
2020-01-26,0.5314963
2020-01-27,0.5479846
2020-01-28,0.56639224
2020-01-29,0.5867226
2020-01-30,0.60898805
2020-01-31,0.6332326
2020-02-01,0.6595084
2020-02-02,0.6878671
2020-02-03,0.71835995
2020-02-04,0.75103754
2020-02-05,0.78594965
2020-02-06,0.8231384
2020-02-07,0.86261547
2020-02-08,0.9043848
2020-02-09,0.9484504
2020-02-10,0.99481624
2020-02-11,1.0434864
2020-02-12,1.0944647
2020-02-13,1.1477553
2020-02-14,1.2033622
2020-02-15,1.2612892
2020-02-16,1.3215406
2020-02-17,1.3841202
2020-02-18,1.4490321
2020-02-19,1.51628
2020-02-20,1.5858679
2020-02-21,1.6577973
2020-02-22,1.7320662
2020-02-23,1.808653
2020-02-24,1.8875141
2020-02-25,1.9685813
2020-02-26,2.0517657
2020-02-27,2.1369746
2020-02-28,2.224115
2020-02-29,2.3130941
2020-03-01,2.403819
2020-03-02,2.4961972
2020-03-03,2.5901353
2020-03-04,2.685541
2020-03-05,2.78232
2020-03-06,2.8803756
2020-03-07,2.9796093
2020-03-08,3.0799224
2020-03-09,3.181211
2020-03-10,3.2833667
2020-03-11,3.386279
2020-03-12,3.489833
2020-03-13,3.5939078
2020-03-14,3.6983716
2020-03-15,3.8030639
2020-03-16,3.9078128
2020-03-17,4.012446
2020-03-18,4.1167874
2020-03-19,4.2206573
2020-03-20,4.323949
2020-03-21,4.4267397
2020-03-22,4.529317
2020-03-23,4.6319294
2020-03-24,4.734771
2020-03-25,4.83802
2020-03-26,4.9418483
2020-03-27,5.0464177
2020-03-28,5.1518817
2020-03-29,5.258379
2020-03-30,5.366013
2020-03-31,5.474873
2020-04-01,5.585041
2020-04-02,5.696597
2020-04-03,5.809612
2020-04-04,5.9241447
2020-04-05,6.040248
2020-04-06,6.1579647
2020-04-07,6.2773376
2020-04-08,6.3984094
2020-04-09,6.521216
2020-04-10,6.6457634
2020-04-11,6.7720265
2020-04-12,6.8999586
2020-04-13,7.02947
2020-04-14,7.1603594
2020-04-15,7.292385
2020-04-16,7.425301
2020-04-17,7.558822
2020-04-18,7.692567
2020-04-19,7.8261185
2020-04-20,7.9590445
2020-04-21,8.090897
2020-04-22,8.221224
2020-04-23,8.349576
2020-04-24,8.475501
2020-04-25,8.598567
2020-04-26,8.718401
2020-04-27,8.83464
2020-04-28,8.946985
2020-04-29,9.055151
2020-04-30,9.158845
2020-05-01,9.25777
2020-05-02,9.351625
2020-05-03,9.440107
2020-05-04,9.522904
2020-05-05,9.599696
2020-05-06,9.67014
2020-05-07,9.733877
2020-05-08,9.79052
2020-05-09,9.839788
2020-05-10,9.881545
2020-05-11,9.9157915
2020-05-12,9.942556
2020-05-13,9.961852
2020-05-14,9.973645
2020-05-15,9.977932
2020-05-16,9.974894
2020-05-17,9.964749
2020-05-18,9.947701
2020-05-19,9.923992
2020-05-20,9.894073
2020-05-21,9.85844
2020-05-22,9.817575
2020-05-23,9.771942
2020-05-24,9.721991
2020-05-25,9.668163
2020-05-26,9.610878
2020-05-27,9.550516
2020-05-28,9.487403
2020-05-29,9.421851
2020-05-30,9.354166
2020-05-31,9.284649
2020-06-01,9.213593
2020-06-02,9.141274
2020-06-03,9.067904
2020-06-04,8.9936075
2020-06-05,8.918492
2020-06-06,8.842653
2020-06-07,8.766168
2020-06-08,8.689099
2020-06-09,8.611503
2020-06-10,8.533423
2020-06-11,8.4549
2020-06-12,8.375961
2020-06-13,8.296644
2020-06-14,8.217039
2020-06-15,8.137245
2020-06-16,8.057367
2020-06-17,7.977506
2020-06-18,7.8977656
2020-06-19,7.8182473
2020-06-20,7.7390537
2020-06-21,7.660286
2020-06-22,7.5820336
2020-06-23,7.504362
2020-06-24,7.4272776
2020-06-25,7.350772
2020-06-26,7.274836
2020-06-27,7.199463
2020-06-28,7.1246433
2020-06-29,7.05037
2020-06-30,6.9766345
2020-07-01,6.903428
2020-07-02,6.8307433
2020-07-03,6.758571
2020-07-04,6.6869044
2020-07-05,6.615734
2020-07-06,6.545052
2020-07-07,6.4748507
2020-07-08,6.4051213
2020-07-09,6.335856
2020-07-10,6.2670465
2020-07-11,6.198684
2020-07-12,6.1307616
2020-07-13,6.06327
2020-07-14,5.9962015
2020-07-15,5.929548
2020-07-16,5.863301
2020-07-17,5.797452
2020-07-18,5.731993
2020-07-19,5.6669183
2020-07-20,5.602226
2020-07-21,5.537916
2020-07-22,5.4739904
2020-07-23,5.4104486
2020-07-24,5.3472915
2020-07-25,5.2845197
2020-07-26,5.222133
2020-07-27,5.160133
2020-07-28,5.0985193
2020-07-29,5.0372934
2020-07-30,4.9764547
2020-07-31,4.9160047
2020-08-01,4.855943
2020-08-02,4.7962713
2020-08-03,4.736989
2020-08-04,4.678097
2020-08-05,4.619596
2020-08-06,4.5614862
2020-08-07,4.503769
2020-08-08,4.4464436
2020-08-09,4.389511
2020-08-10,4.3329725
2020-08-11,4.276828
2020-08-12,4.2210774
2020-08-13,4.165722
2020-08-14,4.1107626
2020-08-15,4.056199
2020-08-16,4.002032
2020-08-17,3.9482622
2020-08-18,3.89489
2020-08-19,3.841916
2020-08-20,3.7893407
2020-08-21,3.7371647
2020-08-22,3.6853886
2020-08-23,3.6340125
2020-08-24,3.5830371
2020-08-25,3.532463
2020-08-26,3.482291
2020-08-27,3.4325213
2020-08-28,3.3831544
2020-08-29,3.3341908
2020-08-30,3.2856312
2020-08-31,3.2374759
2020-09-01,3.1897256
2020-09-02,3.142381
2020-09-03,3.095442
2020-09-04,3.04891
2020-09-05,3.0027847
2020-09-06,2.957067
2020-09-07,2.9117575
2020-09-08,2.8668563
2020-09-09,2.8223646
2020-09-10,2.7782822
2020-09-11,2.7346103
2020-09-12,2.6913488
2020-09-13,2.6484988
2020-09-14,2.6060603
2020-09-15,2.564034
2020-09-16,2.5224206
2020-09-17,2.4812205
2020-09-18,2.4404342
2020-09-19,2.400062
2020-09-20,2.360105
2020-09-21,2.3205633
2020-09-22,2.2814374
2020-09-23,2.242728
2020-09-24,2.2044353
2020-09-25,2.1665604
2020-09-26,2.1291034
2020-09-27,2.0920646
2020-09-28,2.0554442
2020-09-29,2.0192423
2020-09-30,1.9834583
2020-10-01,1.9480922
2020-10-02,1.9131439
2020-10-03,1.8786134
2020-10-04,1.8445002
2020-10-05,1.8108045
2020-10-06,1.777526
2020-10-07,1.7446647
2020-10-08,1.7122202
2020-10-09,1.6801925
2020-10-10,1.6485815
2020-10-11,1.6173872
2020-10-12,1.5866091
2020-10-13,1.5562469
2020-10-14,1.5262986
2020-10-15,1.4967619
2020-10-16,1.4676344
2020-10-17,1.4389138
2020-10-18,1.4105978
2020-10-19,1.382684
2020-10-20,1.35517
2020-10-21,1.3280536
2020-10-22,1.3013322
2020-10-23,1.2750039
2020-10-24,1.249066
2020-10-25,1.2235162
2020-10-26,1.1983522
2020-10-27,1.1735718
2020-10-28,1.1491724
2020-10-29,1.125152
2020-10-30,1.1015079
2020-10-31,1.078238
2020-11-01,1.0553398
2020-11-02,1.0328112
2020-11-03,1.0106496
2020-11-04,0.9888527
2020-11-05,0.96741825
2020-11-06,0.94634396
2020-11-07,0.92562735
2020-11-08,0.9052661
2020-11-09,0.88525796
2020-11-10,0.8656006
2020-11-11,0.84629154
2020-11-12,0.8273285
2020-11-13,0.8087092
2020-11-14,0.79043126
2020-11-15,0.7724923
2020-11-16,0.7548901
2020-11-17,0.73762214
2020-11-18,0.7206862
2020-11-19,0.70408
2020-11-20,0.687801
2020-11-21,0.6718469
2020-11-22,0.65621465
2020-11-23,0.6409011
2020-11-24,0.6259031
2020-11-25,0.6112177
2020-11-26,0.59684145
2020-11-27,0.5827715
2020-11-28,0.5690046
2020-11-29,0.5555376
2020-11-30,0.5423673
2020-12-01,0.5294897
2020-12-02,0.51690024
2020-12-03,0.50459415
2020-12-04,0.49256665
2020-12-05,0.48081306
2020-12-06,0.4693286
2020-12-07,0.4581085
2020-12-08,0.44714805
2020-12-09,0.4364425
2020-12-10,0.42598704
2020-12-11,0.415777
2020-12-12,0.40580758
2020-12-13,0.39607406
2020-12-14,0.38657168
2020-12-15,0.3772957
2020-12-16,0.36824137
2020-12-17,0.35940394
2020-12-18,0.35077864
2020-12-19,0.34236076
2020-12-20,0.3341455
2020-12-21,0.32612774
2020-12-22,0.3183022
2020-12-23,0.3106631
2020-12-24,0.30320263
2020-12-25,0.29590815
2020-12-26,0.28876576
2020-12-27,0.2817625
2020-12-28,0.2748923
2020-12-29,0.26815352
2020-12-30,0.26154518
2021-01-01,0.25506625
2021-01-02,0.24871562
2021-01-03,0.24249227
2021-01-04,0.23639512
2021-01-05,0.2304231
2021-01-06,0.22457512
2021-01-07,0.21885015
2021-01-08,0.2132471
2021-01-09,0.20776492
2021-01-10,0.20240253
2021-01-11,0.19715886
2021-01-12,0.19203286
2021-01-13,0.18702345
2021-01-14,0.18212956
2021-01-15,0.17735015
2021-01-16,0.17268412
2021-01-17,0.16813041
2021-01-18,0.16368796
2021-01-19,0.15935571
2021-01-20,0.15513259
2021-01-21,0.15101752
2021-01-22,0.14700945
2021-01-23,0.1431073
2021-01-24,0.13931002
2021-01-25,0.13561651
2021-01-26,0.13202575
2021-01-27,0.12853663
2021-01-28,0.1251481
2021-01-29,0.12185911
2021-01-30,0.11866857
2021-01-31,0.11557542
2021-02-01,0.11257859
2021-02-02,0.10967703
2021-02-03,0.10686965
2021-02-04,0.1041554
2021-02-05,0.101533204
2021-02-06,0.099002
2021-02-07,0.096560724
2021-02-08,0.0942083
2021-02-09,0.09194367
2021-02-10,0.08976575
2021-02-11,0.0876735
2021-02-12,0.08566584
2021-02-13,0.083741695
2021-02-14,0.08190001
2021-02-15,0.0801397
2021-02-16,0.078459665
2021-02-17,0.076858744
2021-02-18,0.07533574
2021-02-19,0.07388943
2021-02-20,0.072518535
2021-02-21,0.07122178
2021-02-22,0.069997825
2021-02-23,0.06884533
2021-02-24,0.06776294
2021-02-25,0.066749245
2021-02-26,0.06580285
2021-02-27,0.06492231
2021-02-28,0.064106055
2021-03-01,0.06335241
2021-03-02,0.06265959
2021-03-03,0.062025696
2021-03-04,0.06144878
2021-03-05,0.06092681
2021-03-06,0.06045771
2021-03-07,0.06003931
2021-03-08,0.059669163
2021-03-09,0.05934457
2021-03-10,0.059062652
2021-03-11,0.05882042
2021-03-12,0.05861482
2021-03-13,0.058442798
2021-03-14,0.058301322
2021-03-15,0.058187433
2021-03-16,0.058098264
2021-03-17,0.058031067
2021-03-18,0.05798323
2021-03-19,0.05795229
2021-03-20,0.05793594
2021-03-21,0.057932038
2021-03-22,0.05793862
2021-03-23,0.05795388
2021-03-24,0.057976183
2021-03-25,0.05800406
2021-03-26,0.058036204
2021-03-27,0.05807146
2021-03-28,0.05810883
2021-03-29,0.05814744
2021-03-30,0.058186572
2021-03-31,0.058225613
2021-04-01,0.058264088
2021-04-02,0.058301624
2021-04-03,0.058337945
2021-04-04,0.05837288
2021-04-05,0.05840635
2021-04-06,0.05843833
2021-04-07,0.058468834
2021-04-08,0.05849787
2021-04-09,0.058525454
2021-04-10,0.05855161
2021-04-11,0.058576368
2021-04-12,0.05859976
2021-04-13,0.05862182
2021-04-14,0.05864258
2021-04-15,0.05866208
2021-04-16,0.058680344
2021-04-17,0.05869742
2021-04-18,0.05871333
2021-04-19,0.058728125
2021-04-20,0.058741823
2021-04-21,0.05875447
2021-04-22,0.0587661
2021-04-23,0.058776747
2021-04-24,0.058786448
2021-04-25,0.058795236
2021-04-26,0.05880315
2021-04-27,0.058810223
2021-04-28,0.058816493
2021-04-29,0.05882199
2021-04-30,0.058826756
2021-05-01,0.058830824
2021-05-02,0.05883423
2021-05-03,0.058837004
2021-05-04,0.058839187
2021-05-05,0.05884081
2021-05-06,0.058841914
2021-05-07,0.058842525
2021-05-08,0.058842685
2021-05-09,0.058842424
2021-05-10,0.058841776
2021-05-11,0.058840778
2021-05-12,0.058839463
2021-05-13,0.058837865
2021-05-14,0.058836013
2021-05-15,0.05883394
2021-05-16,0.058831684
2021-05-17,0.058829267
2021-05-18,0.058826715
2021-05-19,0.058824062
2021-05-20,0.05882133
2021-05-21,0.05881855
2021-05-22,0.05881574
2021-05-23,0.058812927
2021-05-24,0.058810133
2021-05-25,0.058807384
2021-05-26,0.0588047
2021-05-27,0.058802098
2021-05-28,0.058799606
2021-05-29,0.05879724
2021-05-30,0.058795016
2021-05-31,0.058792952
2021-06-01,0.058791053
2021-06-02,0.05878933
2021-06-03,0.058787785
2021-06-04,0.058786426
2021-06-05,0.058785252
2021-06-06,0.05878427
2021-06-07,0.058783468
2021-06-08,0.058782853
2021-06-09,0.05878242
2021-06-10,0.058782175
2021-06-11,0.058782104
2021-06-12,0.05878221
2021-06-13,0.058782484
2021-06-14,0.05878293
2021-06-15,0.05878354
2021-06-16,0.058784306
2021-06-17,0.058785226
2021-06-18,0.05878629
2021-06-19,0.058787495
2021-06-20,0.058788832
2021-06-21,0.058790296
2021-06-22,0.05879188
2021-06-23,0.05879357
2021-06-24,0.058795366
2021-06-25,0.05879726
2021-06-26,0.05879924
2021-06-27,0.058801297
2021-06-28,0.058803428
2021-06-29,0.05880562
2021-06-30,0.058807857
2021-07-01,0.05881014
2021-07-02,0.05881245
2021-07-03,0.058814783
2021-07-04,0.05881712
2021-07-05,0.05881945
2021-07-06,0.05882176
2021-07-07,0.058824036
2021-07-08,0.058826264
2021-07-09,0.05882843
2021-07-10,0.058830507
2021-07-11,0.058832485
2021-07-12,0.058834348
2021-07-13,0.05883607
2021-07-14,0.05883763
2021-07-15,0.058839012
2021-07-16,0.058840185
2021-07-17,0.058841128
2021-07-18,0.058841813
2021-07-19,0.058842205
2021-07-20,0.05884225
2021-07-21,0.058841888
2021-07-22,0.058841042
2021-07-23,0.058839623
2021-07-24,0.058837537
2021-07-25,0.058834665
2021-07-26,0.05883089
2021-07-27,0.058826078
2021-07-28,0.05882008
2021-07-29,0.05881275
2021-07-30,0.05880392
2021-07-31,0.058793426
2021-08-01,0.0587811
2021-08-02,0.058766756
2021-08-03,0.05875023
2021-08-04,0.058731344
2021-08-05,0.058709934
2021-08-06,0.058685843
2021-08-07,0.058658924
2021-08-08,0.05862904
2021-08-09,0.05859605
2021-08-10,0.058559816
2021-08-11,0.05852021
2021-08-12,0.058477104
2021-08-13,0.058430374
2021-08-14,0.058379907
2021-08-15,0.05832559
2021-08-16,0.05826732
2021-08-17,0.058205016
2021-08-18,0.058138583
2021-08-19,0.05806796
2021-08-20,0.05799308
2021-08-21,0.05791391
2021-08-22,0.05783042
2021-08-23,0.057742596
2021-08-24,0.057650443
2021-08-25,0.057553977
2021-08-26,0.05745321
2021-08-27,0.057348154
2021-08-28,0.057238832
2021-08-29,0.05712526
2021-08-30,0.057007466
2021-08-31,0.056885473
2021-09-01,0.056759316
2021-09-02,0.056629032
2021-09-03,0.05649465
2021-09-04,0.05635622
2021-09-05,0.056213792
2021-09-06,0.056067415
2021-09-07,0.055917144
2021-09-08,0.055763047
2021-09-09,0.055605188
2021-09-10,0.055443645
2021-09-11,0.0552785
2021-09-12,0.05510984
2021-09-13,0.054937758
2021-09-14,0.054762356
2021-09-15,0.054583743
2021-09-16,0.054402042
2021-09-17,0.05421738
2021-09-18,0.054029882
2021-09-19,0.053839702
2021-09-20,0.05364699
2021-09-21,0.05345192
2021-09-22,0.053254772
2021-09-23,0.05305591
2021-09-24,0.052855812
2021-09-25,0.05265509
2021-09-26,0.052454453
2021-09-27,0.05225474
2021-09-28,0.05205692
2021-09-29,0.051862087
2021-09-30,0.05167168
2021-10-01,0.05148832
2021-10-02,0.05131605
2021-10-03,0.051160365
2021-10-04,0.05102826
2021-10-05,0.05092825
2021-10-06,0.0508704
2021-10-07,0.05086634
2021-10-08,0.05092928
2021-10-09,0.051074028
2021-10-10,0.05131693
2021-10-11,0.051675897
2021-10-12,0.05217031
2021-10-13,0.052820973
2021-10-14,0.05365001
2021-10-15,0.054680727
2021-10-16,0.05593745
2021-10-17,0.05744532
2021-10-18,0.059230033
2021-10-19,0.06131755
2021-10-20,0.06373372
2021-10-21,0.06650388
2021-10-22,0.06965238
2021-10-23,0.073201984
2021-10-24,0.077173285
2021-10-25,0.081583984
2021-10-26,0.086448066
2021-10-27,0.09177496
2021-10-28,0.09756953
2021-10-29,0.10383515
2021-10-30,0.11057441
2021-10-31,0.117789
2021-11-01,0.12547958
2021-11-02,0.13364562
2021-11-03,0.14228527
2021-11-04,0.15139514
2021-11-05,0.16097023
2021-11-06,0.17100394
2021-11-07,0.1814892
2021-11-08,0.19241872
2021-11-09,0.203785
2021-11-10,0.21558021
2021-11-11,0.22779627
2021-11-12,0.24042478
2021-11-13,0.25345698
2021-11-14,0.26688376
2021-11-15,0.28069568
2021-11-16,0.29488274
2021-11-17,0.30943465
2021-11-18,0.32434064
2021-11-19,0.3395899
2021-11-20,0.3551716
2021-11-21,0.37107491
2021-11-22,0.38728902
2021-11-23,0.40380308
2021-11-24,0.42060632
2021-11-25,0.43768784
2021-11-26,0.45503688
2021-11-27,0.4726426
2021-11-28,0.49049416
2021-11-29,0.50858074
2021-11-30,0.5268915
2021-12-01,0.5454157
2021-12-02,0.56414247
2021-12-03,0.5830609
2021-12-04,0.60216033
2021-12-05,0.6214298
2021-12-06,0.64085853
2021-12-07,0.6604357
2021-12-08,0.68015045
2021-12-09,0.69999206
2021-12-10,0.7199496
2021-12-11,0.74001235
2021-12-12,0.7601693
2021-12-13,0.7804099
2021-12-14,0.8007231
2021-12-15,0.82109815
2021-12-16,0.84152424
2021-12-17,0.8619906
2021-12-18,0.8824862
2021-12-19,0.9030005
2021-12-20,0.9235225
2021-12-21,0.9440413
2021-12-22,0.9645463
2021-12-23,0.9850266
2021-12-24,1.0054712
2021-12-25,1.0258696
2021-12-26,1.0462106
2021-12-27,1.0664837
2021-12-28,1.086678
2021-12-29,1.1067826
2021-12-30,1.1267866
2021-12-31,1.1466794
2022-01-01,1.16645
2022-01-02,1.1860863
2022-01-03,1.2055736
2022-01-04,1.2249049
2022-01-05,1.2440712
2022-01-06,1.2630613
2022-01-07,1.2818632
2022-01-08,1.300465
2022-01-09,1.3188548
2022-01-10,1.3370208
2022-01-11,1.3549511
2022-01-12,1.3726339
2022-01-13,1.3900574
2022-01-14,1.4072096
2022-01-15,1.4240787
2022-01-16,1.4406528
2022-01-17,1.45692
2022-01-18,1.4728687
2022-01-19,1.4884866
2022-01-20,1.5037624
2022-01-21,1.5186837
2022-01-22,1.5332389
2022-01-23,1.547416
2022-01-24,1.5612034
2022-01-25,1.574589
2022-01-26,1.587561
2022-01-27,1.6001076
2022-01-28,1.6122168
2022-01-29,1.6238769
2022-01-30,1.6350759
2022-01-31,1.6458021
2022-02-01,1.6560435
2022-02-02,1.6657884
2022-02-03,1.6750246
2022-02-04,1.6837406
2022-02-05,1.6919245
2022-02-06,1.6995641
2022-02-07,1.706648
2022-02-08,1.713164
2022-02-09,1.7191004
2022-02-10,1.7244452
2022-02-11,1.7291862
2022-02-12,1.7333084
2022-02-13,1.7367922
2022-02-14,1.7396299
2022-02-15,1.7419188
2022-02-16,1.743845
2022-02-17,1.7456106
2022-02-18,1.7474177
2022-02-19,1.7494681
2022-02-20,1.7519611
2022-02-21,1.7550935
2022-02-22,1.7590591
2022-02-23,1.7640516
2022-02-24,1.7702637
2022-02-25,1.7778858
2022-02-26,1.7871045
2022-02-27,1.7981033
2022-02-28,1.8110623
2022-03-01,1.8261588
2022-03-02,1.8435624
2022-03-03,1.8634212
2022-03-04,1.8858591
2022-03-05,1.910977
2022-03-06,1.9388547
2022-03-07,1.969568
2022-03-08,2.0031922
2022-03-09,2.0398
2022-03-10,2.079463
2022-03-11,2.122253
2022-03-12,2.168238
2022-03-13,2.217482
2022-03-14,2.270046
2022-03-15,2.3259861
2022-03-16,2.3853552
2022-03-17,2.4482064
2022-03-18,2.5145922
2022-03-19,2.584565
2022-03-20,2.658174
2022-03-21,2.735456
2022-03-22,2.8164434
2022-03-23,2.9011698
2022-03-24,2.9896526
2022-03-25,3.0818512
2022-03-26,3.1777089
2022-03-27,3.2771695
2022-03-28,3.3801768
2022-03-29,3.4866745
2022-03-30,3.5966065
2022-03-31,3.7099164
2022-04-01,3.826548
2022-04-02,3.9464452
2022-04-03,4.0695505
2022-04-04,4.1958027
2022-04-05,4.3251333
2022-04-06,4.457468
2022-04-07,4.592735
2022-04-08,4.7309027
2022-04-09,4.8718557
2022-04-10,5.0154424
2022-04-11,5.1615
2022-04-12,5.3098426
2022-04-13,5.4602766
2022-04-14,5.6126027
2022-04-15,5.766621
2022-04-16,5.922126
2022-04-17,6.0789013
2022-04-18,6.236708
2022-04-19,6.395286
2022-04-20,6.5543585
2022-04-21,6.713674
2022-04-22,6.87317
2022-04-23,7.0329394
2022-04-24,7.1930914
2022-04-25,7.353724
2022-04-26,7.5149126
2022-04-27,7.6766505
2022-04-28,7.8389044
2022-04-29,8.001618
2022-04-30,8.164704
2022-05-01,8.328011
2022-05-02,8.491365
2022-05-03,8.6545925
2022-05-04,8.817502
2022-05-05,8.979859
2022-05-06,9.141399
2022-05-07,9.301846
2022-05-08,9.460916
2022-05-09,9.618328
2022-05-10,9.7738
2022-05-11,9.927048
2022-05-12,10.077791
2022-05-13,10.22574
2022-05-14,10.37059
2022-05-15,10.512024
2022-05-16,10.649716
2022-05-17,10.78332
2022-05-18,10.912477
2022-05-19,11.036817
2022-05-20,11.155973
2022-05-21,11.26958
2022-05-22,11.377292
2022-05-23,11.478783
2022-05-24,11.573744
2022-05-25,11.661912
2022-05-26,11.743227
2022-05-27,11.817707
2022-05-28,11.885502
2022-05-29,11.94674
2022-05-30,12.001568
2022-05-31,12.050126
2022-06-01,12.092541
2022-06-02,12.128951
2022-06-03,12.159596
2022-06-04,12.184799
2022-06-05,12.204894
2022-06-06,12.220214
2022-06-07,12.231061
2022-06-08,12.2376795
2022-06-09,12.240301
2022-06-10,12.239214
2022-06-11,12.234731
2022-06-12,12.227227
2022-06-13,12.217089
2022-06-14,12.204694
2022-06-15,12.190411
2022-06-16,12.174604
2022-06-17,12.15763
2022-06-18,12.139833
2022-06-19,12.121528
2022-06-20,12.103012
2022-06-21,12.084552
2022-06-22,12.066381
2022-06-23,12.048721
2022-06-24,12.031797
2022-06-25,12.015887
2022-06-26,12.00123
2022-06-27,11.987928
2022-06-28,11.975971
2022-06-29,11.965319
2022-06-30,11.955926
2022-07-01,11.9477415
2022-07-02,11.940708
2022-07-03,11.93475
2022-07-04,11.929779
2022-07-05,11.9257
2022-07-06,11.922397
2022-07-07,11.919681
2022-07-08,11.917348
2022-07-09,11.915165
2022-07-10,11.912781
2022-07-11,11.909747
2022-07-12,11.905708
2022-07-13,11.900429
2022-07-14,11.894027
2022-07-15,11.886723
2022-07-16,11.878776
2022-07-17,11.870441
2022-07-18,11.861957
2022-07-19,11.85353
2022-07-20,11.84536
2022-07-21,11.837634
2022-07-22,11.830531
2022-07-23,11.824198
2022-07-24,11.818751
2022-07-25,11.814287
2022-07-26,11.810873
2022-07-27,11.808561
2022-07-28,11.8074
2022-07-29,11.807397
2022-07-30,11.808407
2022-07-31,11.810217
2022-08-01,11.812576
2022-08-02,11.815218
2022-08-03,11.817869
2022-08-04,11.820249
2022-08-05,11.822071
2022-08-06,11.823049
2022-08-07,11.822889
2022-08-08,11.821292
2022-08-09,11.817943
2022-08-10,11.8125
2022-08-11,11.804606
2022-08-12,11.793933
2022-08-13,11.7803135
2022-08-14,11.763611
2022-08-15,11.743921
2022-08-16,11.721408
2022-08-17,11.696231
2022-08-18,11.668554
2022-08-19,11.6385355
2022-08-20,11.606307
2022-08-21,11.571903
2022-08-22,11.535314
2022-08-23,11.496498
2022-08-24,11.455409
2022-08-25,11.411988
2022-08-26,11.36617
2022-08-27,11.317885
2022-08-28,11.267059
2022-08-29,11.213612
2022-08-30,11.157458
2022-08-31,11.0985155
2022-09-01,11.0366955
2022-09-02,10.971905
2022-09-03,10.904036
2022-09-04,10.832993
2022-09-05,10.75872
2022-09-06,10.681315
2022-09-07,10.600923
2022-09-08,10.517666
2022-09-09,10.431668
2022-09-10,10.343048
2022-09-11,10.251953
2022-09-12,10.158706
2022-09-13,10.063626
2022-09-14,9.967009
2022-09-15,9.869134
2022-09-16,9.770273
2022-09-17,9.670686
2022-09-18,9.570605
2022-09-19,9.470256
2022-09-20,9.369845
2022-09-21,9.269553
2022-09-22,9.169533
2022-09-23,9.06993
2022-09-24,8.970881
2022-09-25,8.87252
2022-09-26,8.774963
2022-09-27,8.67832
2022-09-28,8.582741
2022-09-29,8.488336
2022-09-30,8.39519
2022-10-01,8.303385
2022-10-02,8.212993
2022-10-03,8.124061
2022-10-04,8.036519
2022-10-05,7.9501867
2022-10-06,7.8648376
2022-10-07,7.7802315
2022-10-08,7.696161
2022-10-09,7.6125393
2022-10-10,7.5294356
2022-10-11,7.44696
2022-10-12,7.3652577
2022-10-13,7.2844787
2022-10-14,7.2047462
2022-10-15,7.1261716
2022-10-16,7.0488563
2022-10-17,6.9728923
2022-10-18,6.8983607
2022-10-19,6.825331
2022-10-20,6.753844
2022-10-21,6.6839137
2022-10-22,6.61548
2022-10-23,6.548458
2022-10-24,6.4827538
2022-10-25,6.418265
2022-10-26,6.3548765
2022-10-27,6.2924647
2022-10-28,6.2308965
2022-10-29,6.170032
2022-10-30,6.1097264
2022-10-31,6.049835
2022-11-01,5.990213
2022-11-02,5.9307146
2022-11-03,5.8712025
2022-11-04,5.8115716
2022-11-05,5.751721
2022-11-06,5.6915627
2022-11-07,5.6310835
2022-11-08,5.5703115
2022-11-09,5.509289
2022-11-10,5.448048
2022-11-11,5.3866158
2022-11-12,5.3250055
2022-11-13,5.2632303
2022-11-14,5.201302
2022-11-15,5.1392336
2022-11-16,5.077037
2022-11-17,5.014724
2022-11-18,4.9523067
2022-11-19,4.889798
2022-11-20,4.8272104
2022-11-21,4.7645555
2022-11-22,4.701846
2022-11-23,4.639094
2022-11-24,4.576311
2022-11-25,4.5135107
2022-11-26,4.450704
2022-11-27,4.387904
2022-11-28,4.325123
2022-11-29,4.2623725
2022-11-30,4.1996655
2022-12-01,4.137014
2022-12-02,4.07443
2022-12-03,4.011926
2022-12-04,3.9495144
2022-12-05,3.8872073
2022-12-06,3.8250167
2022-12-07,3.7629552
2022-12-08,3.701035
2022-12-09,3.6392684
2022-12-10,3.5776672
2022-12-11,3.5162444
2022-12-12,3.4550116
2022-12-13,3.3939815
2022-12-14,3.333166
2022-12-15,3.2725775
2022-12-16,3.2122283
2022-12-17,3.1521306
2022-12-18,3.0922968
2022-12-19,3.0327392
2022-12-20,2.9734695
2022-12-21,2.9145005
2022-12-22,2.8558443
2022-12-23,2.7975132
2022-12-24,2.7395194
2022-12-25,2.6818752
2022-12-26,2.6245928
2022-12-27,2.5676842
2022-12-28,2.5111623
2022-12-29,2.4550388
2022-12-30,2.399326
2022-12-31,2.3440363
2023-01-01,2.2891822
2023-01-02,2.2347755
2023-01-03,2.1808286
2023-01-04,2.127354
2023-01-05,2.0743635
2023-01-06,2.0218697
2023-01-07,1.9698849
2023-01-08,1.918421
2023-01-09,1.8674903
2023-01-10,1.8171028
2023-01-11,1.7672666
2023-01-12,1.7179892
2023-01-13,1.6692781
2023-01-14,1.621141
2023-01-15,1.5735849
2023-01-16,1.5266178
2023-01-17,1.4802469
2023-01-18,1.43448
2023-01-19,1.3893243
2023-01-20,1.3447874
2023-01-21,1.3008769
2023-01-22,1.2576003
2023-01-23,1.214965
2023-01-24,1.1729785
2023-01-25,1.1316485
2023-01-26,1.0909823
2023-01-27,1.0509875
2023-01-28,1.0116715
2023-01-29,0.973042
2023-01-30,0.93510634
2023-01-31,0.89787215
2023-02-01,0.8613468
2023-02-02,0.82553786
2023-02-03,0.79045284
2023-02-04,0.7560993
2023-02-05,0.72248465
2023-02-06,0.68961644
2023-02-07,0.6575021
2023-02-08,0.6261493
2023-02-09,0.59556544
2023-02-10,0.56575805
2023-02-11,0.5367346
2023-02-12,0.5085026
2023-02-13,0.48106962
2023-02-14,0.4544431
2023-02-15,0.42863056
2023-02-16,0.40363953
2023-02-17,0.37947747
2023-02-18,0.35615194
2023-02-19,0.33367044
2023-02-20,0.31204042
2023-02-21,0.29126945
2023-02-22,0.271365
2023-02-23,0.25233456
2023-02-24,0.23418568
2023-02-25,0.21692526
2023-02-26,0.20055735
2023-02-27,0.18508285
2023-02-28,0.17049982
2023-03-01,0.15680376
2023-03-02,0.14398795
2023-03-03,0.13204373
2023-03-04,0.120960705
2023-03-05,0.11072703
2023-03-06,0.10132803
2023-03-07,0.092740506
2023-03-08,0.084932715
2023-03-09,0.07786608
2023-03-10,0.07149678
2023-03-11,0.06577716
2023-03-12,0.06065699
2023-03-13,0.056084633
2023-03-14,0.052008037
2023-03-15,0.048375696
2023-03-16,0.045137424
2023-03-17,0.04224512
2023-03-18,0.039653383
2023-03-19,0.037320126
2023-03-20,0.035207067
2023-03-21,0.03328021
2023-03-22,0.03151027
2023-03-23,0.02987306
2023-03-24,0.028349835
2023-03-25,0.02692672
2023-03-26,0.025591314
2023-03-27,0.02433185
2023-03-28,0.023137232
2023-03-29,0.021997044
2023-03-30,0.020901587
2023-03-31,0.0198419
2023-04-01,0.018809773
2023-04-02,0.017797781
2023-04-03,0.016799295
2023-04-04,0.015808506
2023-04-05,0.0148204435
2023-04-06,0.013830999
2023-04-07,0.0128369415
2023-04-08,0.01183594
2023-04-09,0.010826582
2023-04-10,0.009808392
2023-04-11,0.008781858
2023-04-12,0.0077484427
2023-04-13,0.0067106113
2023-04-14,0.0056718495
2023-04-15,0.004636684
2023-04-16,0.0036107034
2023-04-17,0.00260058
2023-04-18,0.0016157742
2023-04-19,0.0006753265
2023-04-20,0.0
2023-04-21,0.0
2023-04-22,0.0
2023-04-23,0.0
2023-04-24,0.0
2023-04-25,0.0
2023-04-26,0.0
2023-04-27,0.00088201644
2023-04-28,0.0031337594
2023-04-29,0.0062698033
2023-04-30,0.010438809
2023-05-01,0.015799908
2023-05-02,0.022521857
2023-05-03,0.030781964
2023-05-04,0.040764738
2023-05-05,0.052660234
2023-05-06,0.066662036
2023-05-07,0.0829649
2023-05-08,0.1017619
2023-05-09,0.12324122
2023-05-10,0.14758234
2023-05-11,0.17495176
2023-05-12,0.20549813
2023-05-13,0.23934671
2023-05-14,0.2765934
2023-05-15,0.31729776
2023-05-16,0.36148348
2023-05-17,0.40916258
2023-05-18,0.46034098
2023-05-19,0.5150175
2023-05-20,0.57318306
2023-05-21,0.6348193
2023-05-22,0.69989777
2023-05-23,0.7683782
2023-05-24,0.84020776
2023-05-25,0.91532147
2023-05-26,0.99365103
2023-05-27,1.075126
2023-05-28,1.1596746
2023-05-29,1.2472224
2023-05-30,1.3376932
2023-05-31,1.4310083
2023-06-01,1.5270865
2023-06-02,1.6258436
2023-06-03,1.7271929
2023-06-04,1.8310442
2023-06-05,1.9373046
2023-06-06,2.0458808
2023-06-07,2.1566794
2023-06-08,2.269607
2023-06-09,2.3845704
2023-06-10,2.5014758
2023-06-11,2.6202302
2023-06-12,2.74074
2023-06-13,2.8629122
2023-06-14,2.9866529
2023-06-15,3.1118689
2023-06-16,3.238467
2023-06-17,3.3663535
2023-06-18,3.4954352
2023-06-19,3.625619
2023-06-20,3.756811
2023-06-21,3.888918
2023-06-22,4.021847
2023-06-23,4.1555037
2023-06-24,4.2897954
2023-06-25,4.4246287
2023-06-26,4.5599103
2023-06-27,4.6955466
2023-06-28,4.8314443
2023-06-29,4.9675097
2023-06-30,5.10365
2023-07-01,5.2397714
2023-07-02,5.3757806
2023-07-03,5.5115843
2023-07-04,5.647089
2023-07-05,5.7822013
2023-07-06,5.916828
2023-07-07,6.0508757
2023-07-08,6.184251
2023-07-09,6.31686
2023-07-10,6.4486103
2023-07-11,6.5794077
2023-07-12,6.709159
2023-07-13,6.837771
2023-07-14,6.9651504
2023-07-15,7.0912037
2023-07-16,7.215837
2023-07-17,7.338958
2023-07-18,7.460472
2023-07-19,7.580287
2023-07-20,7.6983075
2023-07-21,7.8144374
2023-07-22,7.928576
2023-07-23,8.040616
2023-07-24,8.150445
2023-07-25,8.2579365
2023-07-26,8.362957
2023-07-27,8.465362
2023-07-28,8.564976
2023-07-29,8.661631
2023-07-30,8.755187
2023-07-31,8.845486
2023-08-01,8.932386
2023-08-02,9.015723
2023-08-03,9.095311
2023-08-04,9.17094
2023-08-05,9.242315
2023-08-06,9.309096
2023-08-07,9.370979
2023-08-08,9.427928
2023-08-09,9.480167
2023-08-10,9.528054
2023-08-11,9.571957
2023-08-12,9.612217
2023-08-13,9.649163
2023-08-14,9.683113
2023-08-15,9.714374
2023-08-16,9.743245
2023-08-17,9.77002
2023-08-18,9.794985
2023-08-19,9.818409
2023-08-20,9.84056
2023-08-21,9.861695
2023-08-22,9.882069
2023-08-23,9.901921
2023-08-24,9.921493
2023-08-25,9.941005
2023-08-26,9.960619
2023-08-27,9.9803915
2023-08-28,10.000329
2023-08-29,10.020421
2023-08-30,10.040639
2023-08-31,10.060877
2023-09-01,10.080903
2023-09-02,10.100498
2023-09-03,10.119458
2023-09-04,10.137576
2023-09-05,10.154643
2023-09-06,10.170434
2023-09-07,10.184673
2023-09-08,10.197041
2023-09-09,10.207206
2023-09-10,10.214838
2023-09-11,10.219608
2023-09-12,10.221176
2023-09-13,10.219197
2023-09-14,10.213317
2023-09-15,10.203167
2023-09-16,10.18837
2023-09-17,10.168536
2023-09-18,10.143249
2023-09-19,10.112054
2023-09-20,10.074637
2023-09-21,10.031267
2023-09-22,9.982335
2023-09-23,9.928215
2023-09-24,9.869265
2023-09-25,9.805828
2023-09-26,9.7381935
2023-09-27,9.66656
2023-09-28,9.591085
2023-09-29,9.511892
2023-09-30,9.429092
2023-10-01,9.342793
2023-10-02,9.253107
2023-10-03,9.160141
2023-10-04,9.064004
2023-10-05,8.964797
2023-10-06,8.862617
2023-10-07,8.75755
2023-10-08,8.649669
2023-10-09,8.539017
2023-10-10,8.42566
2023-10-11,8.309682
2023-10-12,8.191095
2023-10-13,8.069855
2023-10-14,7.9459133
2023-10-15,7.819306
2023-10-16,7.690059
2023-10-17,7.5582304
2023-10-18,7.4239516
2023-10-19,7.2873793
2023-10-20,7.148664
2023-10-21,7.0079484
2023-10-22,6.865362
2023-10-23,6.7210274
2023-10-24,6.5750337
2023-10-25,6.427427
2023-10-26,6.2782345
2023-10-27,6.1274776
2023-10-28,5.9752097
2023-10-29,5.821666
2023-10-30,5.6672444
2023-10-31,5.5123715
2023-11-01,5.3574657
2023-11-02,5.2029386
2023-11-03,5.049185
2023-11-04,4.8965898
2023-11-05,4.745526
2023-11-06,4.596334
2023-11-07,4.4493246
2023-11-08,4.304788
2023-11-09,4.1630054
2023-11-10,4.024244
2023-11-11,3.8887649
2023-11-12,3.7568233
2023-11-13,3.62867
2023-11-14,3.504549
2023-11-15,3.3846712
2023-11-16,3.2691505
2023-11-17,3.1580215
2023-11-18,3.0512865
2023-11-19,2.9489298
2023-11-20,2.8509178
2023-11-21,2.7571938
2023-11-22,2.6676798
2023-11-23,2.5822914
2023-11-24,2.500941
2023-11-25,2.423538
2023-11-26,2.3499882
2023-11-27,2.2801964
2023-11-28,2.2140644
2023-11-29,2.1514926
2023-11-30,2.0923781
2023-12-01,2.0366187
2023-12-02,1.9841107
2023-12-03,1.9347514
2023-12-04,1.8884376
2023-12-05,1.8450664
2023-12-06,1.8045348
2023-12-07,1.7667396
2023-12-08,1.7315779
2023-12-09,1.698946
2023-12-10,1.6687378
2023-12-11,1.6408436
2023-12-12,1.615151
2023-12-13,1.591545
2023-12-14,1.5699099
2023-12-15,1.5501298
2023-12-16,1.5320863
2023-12-17,1.5156585
2023-12-18,1.5007232
2023-12-19,1.4871551
2023-12-20,1.4748257
2023-12-21,1.4635998
2023-12-22,1.453324
2023-12-23,1.4438056
2023-12-24,1.434834
2023-12-25,1.4261688
2023-12-26,1.4175596
2023-12-27,1.408764
2023-12-28,1.3995817
2023-12-29,1.3898771
2023-12-30,1.3795795
2023-12-31,1.3686916
